id,first_name,last_name,email,gender,ip_address,is_Active,is_Manager,DateOfBirth
1,Cristiano,Sugar,csugar0@icq.com,Male,134.174.101.187,FALSE,,3/20/2018
2,Zabrina,Albrighton,zalbrighton1@cbslocal.com,Female,232.124.45.126,,,7/24/2021
3,Amelina,Howe,ahowe2@tuttocitta.it,Female,217.8.110.44,FALSE,,03-08-2017
4,Katharina,Pietranek,kpietranek3@bing.com,Female,126.157.199.137,,,02-03-2015
5,Abby,Kaplan,akaplan4@huffingtonpost.com,Female,82.31.9.163,,,1/18/2020
6,Gayleen,Eagger,geagger5@angelfire.com,Female,45.198.243.86,TRUE,,8/25/2021
7,Gareth,Stute,gstute6@bluehost.com,Male,150.217.136.150,,,12-05-2019
8,Gabi,Barlthrop,gbarlthrop7@scribd.com,Male,103.128.140.146,,,
9,Leanora,Glassford,lglassford8@nhs.uk,Female,196.70.163.194,,,7/20/2016
10,Ettore,Gellier,egellier9@howstuffworks.com,Male,160.81.217.162,,,
11,Saundra,Trobe,strobea@hexun.com,Male,162.77.58.176,,,7/23/2015
12,Janene,Cayzer,jcayzerb@foxnews.com,Polygender,,,TRUE,1/18/2016
13,Kayne,Mulvey,kmulveyc@merriam-webster.com,Male,,,,1/27/2016
14,Selig,Jepson,sjepsond@youtube.com,Male,158.245.166.194,,,07-11-2017
,Noe,Masson,nmassone@chron.com,Male,9.68.130.236,,,5/17/2017
16,Sibley,Stollberg,sstollbergf@google.com.hk,Female,165.168.134.247,FALSE,,11-03-2019
17,,Prendergast,bprendergastg@mysql.com,Male,176.203.103.100,,,9/15/2024
18,Averil,Stonner,astonnerh@jugem.jp,Female,225.16.190.99,,TRUE,6/24/2022
19,Helli,Matchell,hmatchelli@wordpress.com,Female,207.12.216.227,,,1/26/2025
20,Jessee,Welsby,jwelsbyj@mapy.cz,Male,151.155.255.42,,,12-10-2020
,Billie,Pendergast,bpendergastk@moonfruit.com,Male,122.34.155.163,FALSE,,12/31/2016
22,Lorrie,Lowle,llowlel@usgs.gov,Polygender,132.111.140.192,,,4/25/2025
23,,Vasyatkin,evasyatkinm@constantcontact.com,Polygender,173.125.225.187,,,09-07-2020
24,Ericha,Zealey,ezealeyn@flavors.me,Female,92.73.65.0,,,7/25/2016
25,Dionne,Wormstone,dwormstoneo@wikispaces.com,Female,250.17.118.101,FALSE,,08-11-2023
